{
  "description": "",
  "root": "callFunctionPopulatePropNameArray",
  "actions": {

    "fireNotification": {
      "module": "vb/action/builtin/fireNotificationEventAction",
      "parameters": {
        "target": "leaf",
        "summary": "[[ $chain.results.callRestPutFileUpload.message.summary ]]",
        "type": "error",
        "displayMode": "persist",
        "message": "[[ $chain.results.callFunctionStringify ]]"
      }
    },
    "callRestPutFileUpload": {
      "module": "vb/action/builtin/restAction",
      "parameters": {
        "endpoint": "fileUpload/putFileUpload",
        "uriParams": {
          "objectName": "{{ $page.variables.envelopeId + \"-\" + $page.variables.fileName }}"
        },
        "body": "{{ $page.variables.fileContent }}",
        "contentType": "[[ $page.variables.fileType ]]"
      },
      "outcomes": {
        "failure": "callFunctionStringify",
        "success": "fireNotification4"
      }
    },
    "callFunctionStringify": {
      "module": "vb/action/builtin/callModuleFunctionAction",
      "parameters": {
        "module": "[[ $functions ]]",
        "functionName": "stringify",
        "params": [
          "{{ $chain.results.callRestPutFileUpload.body }}"
        ]
      },
      "outcomes": {
        "success": "fireNotification"
      }
    },
    "callFunctionPopulatePropNameArray": {
      "module": "vb/action/builtin/callModuleFunctionAction",
      "parameters": {
        "module": "[[ $functions ]]",
        "functionName": "populatePropNameArray",
        "params": [
          "{{ $page.variables.arrayPropData }}"
        ]
      },
      "outcomes": {
        "success": "callFunctionPopulatePropValueArray"
      }
    },
    "callFunctionPopulatePropValueArray": {
      "module": "vb/action/builtin/callModuleFunctionAction",
      "parameters": {
        "module": "[[ $functions ]]",
        "functionName": "populatePropValueArray",
        "params": [
          "{{ $page.variables.arrayPropData }}"
        ]
      },
      "outcomes": {
        "success": "callFunctionBcTx"
      }
    },
    "fireNotification4": {
      "module": "vb/action/builtin/fireNotificationEventAction",
      "parameters": {
        "target": "leaf",
        "type": "confirmation",
        "summary": "\"File Attached to the Envelope\"",
        "displayMode": "transient"
      },
      "outcomes": {
        "success": "navigateBack"
      }
    },
    "navigateBack": {
      "module": "vb/action/builtin/navigateBackAction"
    },
    "callFunctionBcTx": {
      "module": "vb/action/builtin/callModuleFunctionAction",
      "parameters": {
        "module": "[[ $application.functions ]]",
        "functionName": "bcTx",
        "params": [
          "{{ $application.variables.bcEndpoint }}",
          "{{ $application.variables.selectedUser }}",
          "{{ $application.variables.selectedPassword }}",
          "{{ $application.variables.channel }}",
          "{{ $application.variables.chaincode }}",
          "attachDocument",
          "{{ [\n$page.variables.envelopeId,\n$page.variables.envelopeId + \"-\" + $page.variables.documentName,\n$page.variables.documentURL,\n$page.variables.documentHASH,\n$page.variables.documentType,\n$chain.results.callFunctionPopulatePropNameArray,\n$chain.results.callFunctionPopulatePropValueArray\n] }}"
        ]
      },
      "outcomes": {
        "success": "callRestPutFileUpload"
      }
    }
  },
  "variables": {}
}