{
  "root": "if",
  "description": "",
  "variables": {},
  "actions": {
    "if": {
      "module": "vb/action/builtin/ifAction",
      "parameters": {
        "condition": "[[ $page.variables.selectedUser != \"\" && $page.variables.selectedUser != null ]]"
      },
      "outcomes": {
        "true": "assignVariablesSelectedUser"
      }
    },
    "callChainSearchOperations": {
      "module": "vb/action/builtin/callChainAction",
      "parameters": {
        "id": "SearchOperations"
      }
    },
    "assignVariablesSelectedUser": {
      "module": "vb/action/builtin/assignVariablesAction",
      "parameters": {
        "$page.variables.selectedUser": {
          "source": "{{ $application.variables.selectedUser }}"
        }
      },
      "outcomes": {
        "success": "callChainSearchOperations"
      }
    }
  }
}