{
  "description": "",
  "root": "resetVariablesBody",
  "actions": {

    "assignVariablesPopulateOpsTable": {
      "module": "vb/action/builtin/assignVariablesAction",
      "parameters": {
        "$page.variables.populateOpsTable": {
          "source": {
              "data": "{{ $page.variables.tempEnvelopes }}"
            },
          "reset": "none",
          "auto": "always"
        }
      }
    },
    "ifSelectedUser": {
      "module": "vb/action/builtin/ifAction",
      "parameters": {
        "condition": "[[ $page.variables.selectedUser == \"all\" ]]"
      },
      "outcomes": {
        "true": "callFunctionBcQuery",
        "false": "callFunctionBcQuery2"
      }
    },
    "resetVariablesBody": {
      "module": "vb/action/builtin/resetVariablesAction",
      "parameters": {
        "variables": [
          "$page.variables.body",
          "$page.variables.populateOpsTable",
          "$page.variables.tempEnvelopes"
        ]
      },
      "outcomes": {
        "success": "ifSelectedUser"
      }
    },
    "assignVariablesGetUserFromOAccount": {
      "module": "vb/action/builtin/assignVariablesAction",
      "parameters": {
        "$page.variables.getUserFromOAccount": {
          "source": {
            "payload": "{{ $chain.results.callFunctionBcQuery3.body.result.payload }}"
          },
          "reset": "none",
          "auto": "always"
        }
      },
      "outcomes": {
        "success": "callFunctionUpdateOwner"
      }
    },
    "callFunctionUpdateOwner": {
      "module": "vb/action/builtin/callModuleFunctionAction",
      "parameters": {
        "module": "[[ $functions ]]",
        "functionName": "updateOwner",
        "params": [
          "{{ $page.variables.tempEnvelopes }}",
          "{{ $current.data }}",
          "{{ $page.variables.getUserFromOAccount }}"
        ]
      },
      "outcomes": {
        "success": "assignVariablesTempEnvelopes"
      }
    },
    "assignVariablesTempEnvelopes": {
      "module": "vb/action/builtin/assignVariablesAction",
      "parameters": {
        "$page.variables.tempEnvelopes": {
          "source": "{{ $chain.results.callFunctionUpdateOwner }}"
        }
      }
    },
    "callFunctionBcQuery": {
      "module": "vb/action/builtin/callModuleFunctionAction",
      "parameters": {
        "module": "[[ $application.functions ]]",
        "functionName": "bcQuery",
        "params": [
          "{{ $application.variables.bcEndpoint }}",
          "{{ $application.variables.selectedUser }}",
          "{{ $application.variables.selectedPassword }}",
          "{{ $application.variables.channel }}",
          "{{ $application.variables.chaincode }}",
          "getAllTokens",
          []
        ]
      },
      "outcomes": {
        "success": "assignVariablesArrayItems"
      }
    },
    "callFunctionBcQuery2": {
      "module": "vb/action/builtin/callModuleFunctionAction",
      "parameters": {
        "module": "[[ $application.functions ]]",
        "functionName": "bcQuery",
        "params": [
          "{{ $application.variables.bcEndpoint }}",
          "{{ $application.variables.selectedUser }}",
          "{{ $application.variables.selectedPassword }}",
          "{{ $application.variables.channel }}",
          "{{ $application.variables.chaincode }}",
          "getAllTokensByUser",
          "{{ [\n$application.variables.bcInstance,\n$page.variables.selectedUser\n] }}"
        ]
      },
      "outcomes": {
        "success": "assignVariablesArrayItems2"
      }
    },
    "assignVariablesArrayItems": {
      "module": "vb/action/builtin/assignVariablesAction",
      "parameters": {
        "$page.variables.arrayItems": {
          "source": "{{ $chain.results.callFunctionBcQuery.body.result.payload }}"
        }
      },
      "outcomes": {
        "success": "forEachInArrayItems"
      }
    },
    "assignVariablesArrayItems2": {
      "module": "vb/action/builtin/assignVariablesAction",
      "parameters": {
        "$page.variables.arrayItems": {
          "source": "{{ $chain.results.callFunctionBcQuery2.body.result.payload }}"
        }
      },
      "outcomes": {
        "success": "forEachInArrayItems"
      }
    },
    "forEachInArrayItems": {
      "module": "vb/action/builtin/forEachAction",
      "parameters": {
        "actionId": "callFunctionBcQuery3",
        "items": "{{ $page.variables.arrayItems }}"
      },
      "outcomes": {
        "success": "assignVariablesPopulateOpsTable"
      }
    },
    "callFunctionBcQuery3": {
      "module": "vb/action/builtin/callModuleFunctionAction",
      "parameters": {
        "module": "[[ $application.functions ]]",
        "functionName": "bcQuery",
        "params": [
          "{{ $application.variables.bcEndpoint }}",
          "{{ $application.variables.selectedUser }}",
          "{{ $application.variables.selectedPassword }}",
          "{{ $application.variables.channel }}",
          "{{ $application.variables.chaincode }}",
          "getUserByAccountId",
          "{{ [ $current.data.valueJson.owner ] }}"
        ]
      },
      "outcomes": {
        "success": "assignVariablesGetUserFromOAccount"
      }
    }
  },
  "variables": {
  }
}