{
  "description": "",
  "root": "resetVariablesBody",
  "actions": {

    "assignVariablesPopulateOpsTable": {
      "module": "vb/action/builtin/assignVariablesAction",
      "parameters": {
        "$page.variables.populateOpsTable": {
          "source": {
              "data": "{{ $page.variables.tempEnvelopes }}"
            },
          "reset": "none",
          "auto": "always"
        }
      }
    },
    "ifSelectedUser": {
      "module": "vb/action/builtin/ifAction",
      "parameters": {
        "condition": "[[ $application.variables.selectedUser == \"all\" ]]"
      },
      "outcomes": {
        "true": "callFunctionBcQuery",
        "false": "callFunctionBcQuery2"
      }
    },
    "resetVariablesBody": {
      "module": "vb/action/builtin/resetVariablesAction",
      "parameters": {
        "variables": [
          "$page.variables.body",
          "$page.variables.populateOpsTable",
          "$page.variables.tempEnvelopes"
        ]
      },
      "outcomes": {
        "success": "ifSelectedUser"
      }
    },
    "callFunctionUpdateOwner": {
      "module": "vb/action/builtin/callModuleFunctionAction",
      "parameters": {
        "module": "[[ $functions ]]",
        "functionName": "updateOwner",
        "params": [
          "{{ $page.variables.tempEnvelopes }}",
          "{{ $current.data }}",
          "{{ $page.variables.getUserFromOAccount }}"
        ]
      },
      "outcomes": {
        "success": "assignVariablesTempEnvelopes"
      }
    },
    "assignVariablesTempEnvelopes": {
      "module": "vb/action/builtin/assignVariablesAction",
      "parameters": {
        "$page.variables.tempEnvelopes": {
          "source": "{{ $chain.results.callFunctionUpdateOwner }}"
        }
      }
    },
    "ifSelectedUser2": {
      "module": "vb/action/builtin/ifAction",
      "parameters": {
        "condition": "[[ $application.variables.selectedUser == \"cmsfin001\" ]]"
      },
      "outcomes": {
        "true": "assignVariablesSelectedDepartment2",
        "false": "assignVariablesSelectedDepartment3"
      }
    },
    "forEachInArraItems1": {
      "module": "vb/action/builtin/forEachAction",
      "parameters": {
        "items": "{{ $variables.arraItems1 }}",
        "actionId": "callFunctionBcQuery3"
      },
      "outcomes": {
        "success": "assignVariablesPopulateOpsTable"
      }
    },
    "callFunctionBcQuery": {
      "module": "vb/action/builtin/callModuleFunctionAction",
      "parameters": {
        "module": "[[ $application.functions ]]",
        "functionName": "bcQuery",
        "params": [
          "{{ $application.variables.bcEndpoint }}",
          "{{ $application.variables.selectedUser }}",
          "{{ $application.variables.selectedPassword }}",
          "{{ $application.variables.channel }}",
          "{{ $application.variables.chaincode }}",
          "getAllTokens",
          "[ ]"
        ]
      },
      "outcomes": {
        "success": "assignVariablesArraItems13"
      }
    },
    "callFunctionBcQuery2": {
      "module": "vb/action/builtin/callModuleFunctionAction",
      "parameters": {
        "module": "[[ $application.functions ]]",
        "functionName": "bcQuery",
        "params": [
          "{{ $application.variables.bcEndpoint }}",
          "{{ $application.variables.selectedUser }}",
          "{{ $application.variables.selectedPassword }}",
          "{{ $application.variables.channel }}",
          "{{ $application.variables.chaincode }}",
          "getAllTokensByUser",
          "{{ [ $application.variables.bcInstance , $application.variables.selectedUser ] }}"
        ]
      },
      "outcomes": {
        "success": "assignVariablesArraItems15"
      }
    },
    "assignVariablesArraItems13": {
      "module": "vb/action/builtin/assignVariablesAction",
      "parameters": {
        "$variables.arraItems1": {
          "source": "{{ $chain.results.callFunctionBcQuery.body.result.payload }}"
        }
      },
      "outcomes": {
        "success": "ifSelectedUser4"
      }
    },
    "assignVariablesArraItems15": {
      "module": "vb/action/builtin/assignVariablesAction",
      "parameters": {
        "$variables.arraItems1": {
          "source": "{{ $chain.results.callFunctionBcQuery2.body.result.payload }}"
        }
      },
      "outcomes": {
        "success": "ifSelectedUser4"
      }
    },
    "assignVariablesSelectedDepartment": {
      "module": "vb/action/builtin/assignVariablesAction",
      "parameters": {
        "$page.variables.selectedDepartment": {
          "source": "Legal Department"
        }
      },
      "outcomes": {
        "success": "forEachInArraItems1"
      }
    },
    "assignVariablesSelectedDepartment2": {
      "module": "vb/action/builtin/assignVariablesAction",
      "parameters": {
        "$page.variables.selectedDepartment": {
          "source": "Finance Department"
        }
      },
      "outcomes": {
        "success": "forEachInArraItems1"
      }
    },
    "assignVariablesSelectedDepartment3": {
      "module": "vb/action/builtin/assignVariablesAction",
      "parameters": {
        "$page.variables.selectedDepartment": {
          "source": "Risks Department"
        }
      },
      "outcomes": {
        "success": "forEachInArraItems1"
      }
    },
    "callFunctionBcQuery3": {
      "module": "vb/action/builtin/callModuleFunctionAction",
      "parameters": {
        "module": "[[ $application.functions ]]",
        "functionName": "bcQuery",
        "params": [
          "{{ $application.variables.bcEndpoint }}",
          "{{ $application.variables.selectedUser }}",
          "{{ $application.variables.selectedPassword }}",
          "{{ $application.variables.channel }}",
          "{{ $application.variables.chaincode }}",
          "getUserByAccountId",
          "{{ [ $current.data.valueJson.owner ] }}"
        ]
      },
      "outcomes": {
        "success": "assignVariablesObjectTemp14"
      }
    },
    "assignVariablesObjectTemp14": {
      "module": "vb/action/builtin/assignVariablesAction",
      "parameters": {
        "$variables.objectTemp1": {
          "source": "{{ $chain.results.callFunctionBcQuery3.body.result.payload }}",
          "auto": "always"
        }
      },
      "outcomes": {
        "success": "assignVariablesGetUserFromOAccount2"
      }
    },
    "assignVariablesGetUserFromOAccount2": {
      "module": "vb/action/builtin/assignVariablesAction",
      "parameters": {
        "$page.variables.getUserFromOAccount": {
          "source": {
            "payload": "{{ $variables.objectTemp1 }}"
          },
          "auto": "always"
        }
      },
      "outcomes": {
        "success": "callFunctionUpdateOwner"
      }
    },
    "ifSelectedUser4": {
      "module": "vb/action/builtin/ifAction",
      "parameters": {
        "condition": "[[ $application.variables.selectedUser == \"cmsleg001\" ]]"
      },
      "outcomes": {
        "true": "assignVariablesSelectedDepartment",
        "false": "ifSelectedUser2"
      }
    }

  },
  "variables": {
    "arraItems1": {
      "type": "object[]"
    },
    "objectTemp1": {
      "type": "object"
    }
  }
}