{
  "title": "Shell Footer",
  "eventListeners": {
    "aboutClick": {
      "chains": [
        {
          "chainId": "openAboutDialog"
        }
      ],
      "preventDefault": "true"
    },
    "imageClick": {
      "chains": [
        {
          "chainId": "ImageClickChain"
        }
      ]
    }
  },
  "events": {},
  "imports": {
    "components": {
      "oj-dialog": {
        "path": "ojs/ojdialog"
      },
      "oj-label": {
        "path": "ojs/ojlabel"
      }
    },
    "css": [
      "/resources/css/shell.css"
    ]
  },
  "metadata": {},
  "types": {},
  "variables": {}
}