{
  "root": "callFunctionBcQuery",
  "description": "",
  "variables": {},
  "actions": {

    "assignVariablesSelectedEnvelope": {
      "module": "vb/action/builtin/assignVariablesAction",
      "parameters": {
        "$page.variables.selectedEnvelope": {
          "source": {
            "value": "{{ $chain.results.callFunctionBcQuery.body.result.payload[0].value }}"
          },
          "reset": "none",
          "auto": "always"
        }
      },
      "outcomes": {
        "success": "ifSelectedUserID"
      }
    },
    "assignVariablesDepartment": {
      "module": "vb/action/builtin/assignVariablesAction",
      "parameters": {
        "$page.variables.department": {
          "source": "Legal Department"
        }
      }
    },
    "assignVariablesDepartment2": {
      "module": "vb/action/builtin/assignVariablesAction",
      "parameters": {
        "$page.variables.department": {
          "source": "Finance Department"
        }
      }
    },
    "assignVariablesDepartment3": {
      "module": "vb/action/builtin/assignVariablesAction",
      "parameters": {
        "$page.variables.department": {
          "source": "Risks Department"
        }
      }
    },
    "callFunctionBcQuery": {
      "module": "vb/action/builtin/callModuleFunctionAction",
      "parameters": {
        "module": "[[ $application.functions ]]",
        "functionName": "bcQuery",
        "params": [
          "{{ $application.variables.bcEndpoint }}",
          "{{ $application.variables.selectedUser }}",
          "{{ $application.variables.selectedPassword }}",
          "{{ $application.variables.channel }}",
          "{{ $application.variables.chaincode }}",
          "getTokenHistory",
          "{{ [ $page.variables.envelopeId ] }}"
        ]
      },
      "outcomes": {
        "success": "assignVariablesSelectedEnvelope"
      }
    },
    "ifSelectedUserID": {
      "module": "vb/action/builtin/ifAction",
      "parameters": {
        "condition": "[[ $page.variables.selectedUserID == \"cmsleg001\" ]]"
      },
      "outcomes": {
        "false": "ifSelectedUserID2",
        "true": "assignVariablesDepartment"
      }
    },
    "ifSelectedUserID2": {
      "module": "vb/action/builtin/ifAction",
      "parameters": {
        "condition": "[[ $page.variables.selectedUserID == \"cmsfin001\" ]]"
      },
      "outcomes": {
        "true": "assignVariablesDepartment2",
        "false": "assignVariablesDepartment3"
      }
    }
  }
}