{
  "root": "callFunctionBcQuery",
  "actions": {

    "return1": {
      "module": "vb/action/builtin/returnAction",
      "parameters": {
        "outcome": "success",
        "payload": "{{ $chain.results.callFunctionBcQuery }}"
      }
    },
    "callFunctionBcQuery": {
      "module": "vb/action/builtin/callModuleFunctionAction",
      "parameters": {
        "module": "[[ $application.functions ]]",
        "functionName": "bcQuery",
        "params": [
          "{{ $application.variables.bcEndpoint }}",
          "{{ $page.variables.selectedUserID }}",
          "{{ $application.variables.selectedPassword }}",
          "{{ $application.variables.channel }}",
          "{{ $application.variables.chaincode }}",
          "retrieveDocuments",
          "{{ [ $page.variables.envelopeId ] }}"
        ]
      },
      "outcomes": {
        "success": "return1"
      }
    }
  },
  "variables": {
    "configuration": {
      "type": {
        "hookHandler": "vb/RestHookHandler"
      },
      "input": "fromCaller",
      "required": true
    }
  }
}