{
  "description": "",
  "root": "resetVariablesDocPropsADP",
  "actions": {
    "assignVariablesSelectedRow": {
      "module": "vb/action/builtin/assignVariablesAction",
      "parameters": {
        "$page.variables.selectedRow": {
          "source": "{{ $variables.rowData }}",
          "auto": "always"
        }
      },
      "outcomes": {
        "success": "assignVariablesDocPropsADP"
      }
    },
    "assignVariablesDocPropsADP": {
      "module": "vb/action/builtin/assignVariablesAction",
      "parameters": {
        "$page.variables.docPropsADP": {
          "source": {
            "data": "{{ $page.variables.selectedRow.docProperties }}"
          },
          "reset": "none",
          "auto": "always"
        }
      }
    },
    "resetVariablesDocPropsADP": {
      "module": "vb/action/builtin/resetVariablesAction",
      "parameters": {
        "variables": [
          "$page.variables.docPropsADP"
        ]
      },
      "outcomes": {
        "success": "assignVariablesSelectedRow"
      }
    }
  },
  "variables": {
    "rowKey": {
      "required": true,
      "type": "any",
      "input": "fromCaller"
    },
    "rowData": {
      "required": true,
      "type": "any",
      "input": "fromCaller"
    },
    "testA": {
      "type": "object[]"
    }
  }
}