{
  "title": "Operation Details",
  "description": "Displays Exporters record",
  "variables": {
    "envelopeId": {
      "type": "string",
      "required": true,
      "input": "fromUrl"
    },
    "postChaincodeQueriesListSDP": {
      "type": "vb/ServiceDataProvider",
      "defaultValue": {

        "keyAttributes": "docName",
        "itemsPath": "result.payload",
        "responseType": "postChaincodeQueriesResponse",
        "fetchChainId": "postChaincodeQueriesFetchAction"
      }
    }
  },
  "metadata": {},
  "types": {
    "@decorators.postChaincodeQueriesResponse": {
      "endpoint": "postChaincodeQueries",
      "service": "BC_customs_exporter",
      "path": "response"
    },
    "postChaincodeQueriesResponse": {
      "result": {
        "payload": [
          {
            "assetType": "string",
            "docHASH": "string",
            "docName": "string",
            "docProperties": "object[]",
            "docType": "string",
            "docURL": "string"

          }
        ]
      }
    }
  },
  "eventListeners": {
    "backButtonClicked": {
      "chains": [
        {
          "chainId": "goBackChain"
        }
      ]
    },
    "buttonAction": {
      "chains": [
        {
          "chainId": "AttachNewDocumentActionChain"
        }
      ]
    },
    "toggleDrawer": {
      "chains": [
        {
          "chainId": "application:toggleDrawerHandler"
        }
      ]
    }

  },
  "imports": {
    "components": {
      "oj-button": {
        "path": "ojs/ojbutton"
      },
      "oj-form-layout": {
        "path": "ojs/ojformlayout"
      },
      "oj-input-text": {
        "path": "ojs/ojinputtext"
      },
      "oj-table": {
        "path": "ojs/ojtable"
      },
      "oj-toolbar": {
        "path": "ojs/ojtoolbar"
      }

    }
  }
}